-- phpMyAdmin SQL Dump
-- version 4.0.4.1
-- http://www.phpmyadmin.net
--
-- Máquina: 127.0.0.1
-- Data de Criação: 06-Jun-2014 às 02:19
-- Versão do servidor: 5.5.32
-- versão do PHP: 5.4.19

SET SQL_MODE = "NO_AUTO_VALUE_ON_ZERO";
SET time_zone = "+00:00";


/*!40101 SET @OLD_CHARACTER_SET_CLIENT=@@CHARACTER_SET_CLIENT */;
/*!40101 SET @OLD_CHARACTER_SET_RESULTS=@@CHARACTER_SET_RESULTS */;
/*!40101 SET @OLD_COLLATION_CONNECTION=@@COLLATION_CONNECTION */;
/*!40101 SET NAMES utf8 */;

--
-- Base de Dados: `rbc`
--
CREATE DATABASE IF NOT EXISTS `rbc` DEFAULT CHARACTER SET utf8 COLLATE utf8_bin;
USE `rbc`;

-- --------------------------------------------------------

--
-- Estrutura da tabela `categoria`
--

CREATE TABLE IF NOT EXISTS `categoria` (
  `codigo` int(11) NOT NULL AUTO_INCREMENT,
  `nome` varchar(150) COLLATE utf8_bin NOT NULL,
  `descricao` text COLLATE utf8_bin NOT NULL,
  `valor` int(11) NOT NULL,
  PRIMARY KEY (`codigo`)
) ENGINE=InnoDB  DEFAULT CHARSET=utf8 COLLATE=utf8_bin AUTO_INCREMENT=8 ;

--
-- Extraindo dados da tabela `categoria`
--

INSERT INTO `categoria` (`codigo`, `nome`, `descricao`, `valor`) VALUES
(1, 'Entretenimento', 'Lorem ipsum dolor sit amet, consectetur adipiscing elit. Aliquam fermentum gravida nisi, sed malesuada metus elementum vitae. Pellentesque interdum vestibulum dapibus. Phasellus vel aliquam ipsum. Maecenas eu malesuada diam. Aenean posuere dapibus nulla at gravida. Fusce quis urna nisi. Aliquam sem tortor, laoreet ut semper sed, fermentum in velit.', 495),
(2, 'Saúde', 'Lorem ipsum dolor sit amet, consectetur adipiscing elit. Aliquam fermentum gravida nisi, sed malesuada metus elementum vitae. Pellentesque interdum vestibulum dapibus. Phasellus vel aliquam ipsum. Maecenas eu malesuada diam. Aenean posuere dapibus nulla at gravida. Fusce quis urna nisi. Aliquam sem tortor, laoreet ut semper sed, fermentum in velit.', 0),
(3, 'Esporte', 'Lorem ipsum dolor sit amet, consectetur adipiscing elit. Aliquam fermentum gravida nisi, sed malesuada metus elementum vitae. Pellentesque interdum vestibulum dapibus. Phasellus vel aliquam ipsum. Maecenas eu malesuada diam. Aenean posuere dapibus nulla at gravida. Fusce quis urna nisi. Aliquam sem tortor, laoreet ut semper sed, fermentum in velit.', 18),
(4, 'Lazer', 'Lorem ipsum dolor sit amet, consectetur adipiscing elit. Aliquam fermentum gravida nisi, sed malesuada metus elementum vitae. Pellentesque interdum vestibulum dapibus. Phasellus vel aliquam ipsum. Maecenas eu malesuada diam. Aenean posuere dapibus nulla at gravida. Fusce quis urna nisi. Aliquam sem tortor, laoreet ut semper sed, fermentum in velit.', 1),
(5, 'Cultura', 'Lorem ipsum dolor sit amet, consectetur adipiscing elit. Aliquam fermentum gravida nisi, sed malesuada metus elementum vitae. Pellentesque interdum vestibulum dapibus. Phasellus vel aliquam ipsum. Maecenas eu malesuada diam. Aenean posuere dapibus nulla at gravida. Fusce quis urna nisi. Aliquam sem tortor, laoreet ut semper sed, fermentum in velit.', 1),
(6, 'Finanças', 'Lorem ipsum dolor sit amet, consectetur adipiscing elit. Aliquam fermentum gravida nisi, sed malesuada metus elementum vitae. Pellentesque interdum vestibulum dapibus. Phasellus vel aliquam ipsum. Maecenas eu malesuada diam. Aenean posuere dapibus nulla at gravida. Fusce quis urna nisi. Aliquam sem tortor, laoreet ut semper sed, fermentum in velit.', 0),
(7, 'Economia', 'Lorem ipsum dolor sit amet, consectetur adipiscing elit. Aliquam fermentum gravida nisi, sed malesuada metus elementum vitae. Pellentesque interdum vestibulum dapibus. Phasellus vel aliquam ipsum. Maecenas eu malesuada diam. Aenean posuere dapibus nulla at gravida. Fusce quis urna nisi. Aliquam sem tortor, laoreet ut semper sed, fermentum in velit.', 3);

-- --------------------------------------------------------

--
-- Estrutura da tabela `categoria_feed`
--

CREATE TABLE IF NOT EXISTS `categoria_feed` (
  `idCategoria` int(11) NOT NULL,
  `idFeed` int(11) NOT NULL,
  PRIMARY KEY (`idCategoria`,`idFeed`),
  KEY `fk_categoria_has_feed_feed1_idx` (`idFeed`),
  KEY `fk_categoria_has_feed_categoria_idx` (`idCategoria`)
) ENGINE=InnoDB DEFAULT CHARSET=utf8 COLLATE=utf8_bin;

--
-- Extraindo dados da tabela `categoria_feed`
--

INSERT INTO `categoria_feed` (`idCategoria`, `idFeed`) VALUES
(7, 1),
(6, 2),
(2, 3),
(3, 4),
(4, 5),
(5, 6),
(1, 7),
(3, 7),
(3, 8),
(7, 9),
(5, 10),
(1, 11),
(6, 12),
(4, 13),
(4, 14),
(4, 15),
(1, 16),
(4, 16),
(1, 17),
(4, 17),
(1, 18),
(4, 18),
(1, 19),
(4, 19),
(1, 20),
(4, 20),
(1, 21),
(4, 21),
(1, 22),
(4, 22),
(1, 23),
(4, 23),
(2, 24),
(2, 25),
(2, 26),
(2, 27),
(2, 28),
(2, 29),
(2, 30),
(2, 31),
(2, 32),
(2, 33),
(3, 34),
(3, 35),
(3, 36),
(3, 37),
(3, 38),
(3, 39),
(3, 40),
(3, 41),
(4, 42),
(4, 43),
(4, 44),
(4, 45),
(4, 46),
(4, 47),
(4, 48),
(5, 49),
(5, 50),
(5, 51),
(5, 52),
(5, 53),
(5, 54),
(5, 55),
(5, 56),
(6, 57),
(6, 58),
(6, 59),
(6, 60),
(6, 61),
(6, 62),
(6, 63),
(6, 64),
(7, 65),
(7, 66),
(7, 67),
(7, 68),
(7, 69),
(7, 70),
(7, 71),
(7, 72);

-- --------------------------------------------------------

--
-- Estrutura da tabela `feed`
--

CREATE TABLE IF NOT EXISTS `feed` (
  `codigo` int(11) NOT NULL AUTO_INCREMENT,
  `nome` varchar(150) COLLATE utf8_bin NOT NULL,
  `texto` text COLLATE utf8_bin NOT NULL,
  `valor` int(11) NOT NULL,
  `foto` varchar(50) COLLATE utf8_bin NOT NULL,
  PRIMARY KEY (`codigo`)
) ENGINE=InnoDB  DEFAULT CHARSET=utf8 COLLATE=utf8_bin AUTO_INCREMENT=75 ;

--
-- Extraindo dados da tabela `feed`
--

INSERT INTO `feed` (`codigo`, `nome`, `texto`, `valor`, `foto`) VALUES
(1, 'Gaúchos acreditam em economia pior', 'Nam in mattis libero. Fusce ultricies mi dictum, consectetur purus vel, viverra elit. Donec a ante at leo imperdiet euismod vel et lectus. Nam in neque ac arcu tempor ullamcorper ut tempor mi. Curabitur egestas dui vel aliquet consequat. Suspendisse vel orci pellentesque erat volutpat placerat in eu nisl. Duis id mi eu metus commodo laoreet. Aliquam rutrum a justo feugiat gravida. In turpis nulla, porta in nibh at, accumsan convallis diam. Nullam et ligula diam. Etiam sed magna lacus. Aenean interdum lacus sed turpis luctus, vitae euismod dolor egestas. Nunc tellus nulla, interdum nec semper vitae, pharetra a erat. Proin id nibh sit amet massa placerat sagittis.', 1, 'e1.jpg'),
(2, 'Secretário de Finanças do Município diz que haverá concurso', 'Nam in mattis libero. Fusce ultricies mi dictum, consectetur purus vel, viverra elit. Donec a ante at leo imperdiet euismod vel et lectus. Nam in neque ac arcu tempor ullamcorper ut tempor mi. Curabitur egestas dui vel aliquet consequat. Suspendisse vel orci pellentesque erat volutpat placerat in eu nisl. Duis id mi eu metus commodo laoreet. Aliquam rutrum a justo feugiat gravida. In turpis nulla, porta in nibh at, accumsan convallis diam. Nullam et ligula diam. Etiam sed magna lacus. Aenean interdum lacus sed turpis luctus, vitae euismod dolor egestas. Nunc tellus nulla, interdum nec semper vitae, pharetra a erat. Proin id nibh sit amet massa placerat sagittis.', 2, 'f1.jpg'),
(3, 'Funasa prorroga prazo para projetos em Saúde Ambiental', 'Nam in mattis libero. Fusce ultricies mi dictum, consectetur purus vel, viverra elit. Donec a ante at leo imperdiet euismod vel et lectus. Nam in neque ac arcu tempor ullamcorper ut tempor mi. Curabitur egestas dui vel aliquet consequat. Suspendisse vel orci pellentesque erat volutpat placerat in eu nisl. Duis id mi eu metus commodo laoreet. Aliquam rutrum a justo feugiat gravida. In turpis nulla, porta in nibh at, accumsan convallis diam. Nullam et ligula diam. Etiam sed magna lacus. Aenean interdum lacus sed turpis luctus, vitae euismod dolor egestas. Nunc tellus nulla, interdum nec semper vitae, pharetra a erat. Proin id nibh sit amet massa placerat sagittis.', 3, 's1.jpg'),
(4, 'Por que associar a marca ao esporte?', 'Nam in mattis libero. Fusce ultricies mi dictum, consectetur purus vel, viverra elit. Donec a ante at leo imperdiet euismod vel et lectus. Nam in neque ac arcu tempor ullamcorper ut tempor mi. Curabitur egestas dui vel aliquet consequat. Suspendisse vel orci pellentesque erat volutpat placerat in eu nisl. Duis id mi eu metus commodo laoreet. Aliquam rutrum a justo feugiat gravida. In turpis nulla, porta in nibh at, accumsan convallis diam. Nullam et ligula diam. Etiam sed magna lacus. Aenean interdum lacus sed turpis luctus, vitae euismod dolor egestas. Nunc tellus nulla, interdum nec semper vitae, pharetra a erat. Proin id nibh sit amet massa placerat sagittis.', 3, 'ep1.jpg'),
(5, 'Lazer e economia, caminhão juntos!', 'Nam in mattis libero. Fusce ultricies mi dictum, consectetur purus vel, viverra elit. Donec a ante at leo imperdiet euismod vel et lectus. Nam in neque ac arcu tempor ullamcorper ut tempor mi. Curabitur egestas dui vel aliquet consequat. Suspendisse vel orci pellentesque erat volutpat placerat in eu nisl. Duis id mi eu metus commodo laoreet. Aliquam rutrum a justo feugiat gravida. In turpis nulla, porta in nibh at, accumsan convallis diam. Nullam et ligula diam. Etiam sed magna lacus. Aenean interdum lacus sed turpis luctus, vitae euismod dolor egestas. Nunc tellus nulla, interdum nec semper vitae, pharetra a erat. Proin id nibh sit amet massa placerat sagittis.', 1, 'ec1.jpg'),
(6, 'Qual a sua Cultura', 'Nam in mattis libero. Fusce ultricies mi dictum, consectetur purus vel, viverra elit. Donec a ante at leo imperdiet euismod vel et lectus. Nam in neque ac arcu tempor ullamcorper ut tempor mi. Curabitur egestas dui vel aliquet consequat. Suspendisse vel orci pellentesque erat volutpat placerat in eu nisl. Duis id mi eu metus commodo laoreet. Aliquam rutrum a justo feugiat gravida. In turpis nulla, porta in nibh at, accumsan convallis diam. Nullam et ligula diam. Etiam sed magna lacus. Aenean interdum lacus sed turpis luctus, vitae euismod dolor egestas. Nunc tellus nulla, interdum nec semper vitae, pharetra a erat. Proin id nibh sit amet massa placerat sagittis.', 0, 'c1.jpg'),
(7, 'Futubol; Fred marca para o Brasil', 'Nam in mattis libero. Fusce ultricies mi dictum, consectetur purus vel, viverra elit. Donec a ante at leo imperdiet euismod vel et lectus. Nam in neque ac arcu tempor ullamcorper ut tempor mi. Curabitur egestas dui vel aliquet consequat. Suspendisse vel orci pellentesque erat volutpat placerat in eu nisl. Duis id mi eu metus commodo laoreet. Aliquam rutrum a justo feugiat gravida. In turpis nulla, porta in nibh at, accumsan convallis diam. Nullam et ligula diam. Etiam sed magna lacus. Aenean interdum lacus sed turpis luctus, vitae euismod dolor egestas. Nunc tellus nulla, interdum nec semper vitae, pharetra a erat. Proin id nibh sit amet massa placerat sagittis.', 6, 'e1.jpg'),
(8, 'Brasil é o 2º em inscrições para Cannes', 'Fusce semper at mi vel sodales. Donec massa lacus, sagittis at nibh quis, gravida gravida ante. Maecenas dignissim, massa vel vestibulum sagittis, massa elit sodales felis, vitae ullamcorper felis orci id dui. Sed id feugiat lectus, sed malesuada metus. In ultricies tortor urna, id laoreet ligula fringilla ut. Etiam bibendum, libero a volutpat mattis, massa metus commodo quam, eget facilisis enim odio eu mi. Quisque semper quam vel libero volutpat, sed egestas turpis aliquet.', 18, 'ep2.jpg'),
(9, 'Parte da alta do juro ainda vai fazer efeito sobre inflação, diz Copom', 'Fusce semper at mi vel sodales. Donec massa lacus, sagittis at nibh quis, gravida gravida ante. Maecenas dignissim, massa vel vestibulum sagittis, massa elit sodales felis, vitae ullamcorper felis orci id dui. Sed id feugiat lectus, sed malesuada metus. In ultricies tortor urna, id laoreet ligula fringilla ut. Etiam bibendum, libero a volutpat mattis, massa metus commodo quam, eget facilisis enim odio eu mi. Quisque semper quam vel libero volutpat, sed egestas turpis aliquet.', 3, 'ec2.jpg'),
(10, 'Segunda maior economia do mundo, China vive revolução da internet', 'Fusce semper at mi vel sodales. Donec massa lacus, sagittis at nibh quis, gravida gravida ante. Maecenas dignissim, massa vel vestibulum sagittis, massa elit sodales felis, vitae ullamcorper felis orci id dui. Sed id feugiat lectus, sed malesuada metus. In ultricies tortor urna, id laoreet ligula fringilla ut. Etiam bibendum, libero a volutpat mattis, massa metus commodo quam, eget facilisis enim odio eu mi. Quisque semper quam vel libero volutpat, sed egestas turpis aliquet.', 0, 'c2.jpg'),
(11, 'Entretenimento nas cidades sedes da copa', 'Fusce semper at mi vel sodales. Donec massa lacus, sagittis at nibh quis, gravida gravida ante. Maecenas dignissim, massa vel vestibulum sagittis, massa elit sodales felis, vitae ullamcorper felis orci id dui. Sed id feugiat lectus, sed malesuada metus. In ultricies tortor urna, id laoreet ligula fringilla ut. Etiam bibendum, libero a volutpat mattis, massa metus commodo quam, eget facilisis enim odio eu mi. Quisque semper quam vel libero volutpat, sed egestas turpis aliquet.', 1, 'e2.jpg'),
(12, 'Finanças para copa', 'Fusce semper at mi vel sodales. Donec massa lacus, sagittis at nibh quis, gravida gravida ante. Maecenas dignissim, massa vel vestibulum sagittis, massa elit sodales felis, vitae ullamcorper felis orci id dui. Sed id feugiat lectus, sed malesuada metus. In ultricies tortor urna, id laoreet ligula fringilla ut. Etiam bibendum, libero a volutpat mattis, massa metus commodo quam, eget facilisis enim odio eu mi. Quisque semper quam vel libero volutpat, sed egestas turpis aliquet.', 0, 'f2.jpg'),
(13, 'Ruas de Lazer faz especial dia das mães no Farol da Barra', 'Vestibulum ante ipsum primis in faucibus orci luctus et ultrices posuere cubilia Curae; Suspendisse dignissim auctor pulvinar. Phasellus egestas, lacus at condimentum semper, nisl mauris condimentum lorem, a tempus erat odio sed libero. Suspendisse neque est, faucibus eu nibh non, ultricies mollis eros. Morbi ligula diam, faucibus non sagittis in, venenatis sodales diam. Sed placerat tincidunt cursus. Ut vestibulum vitae risus a rutrum. Aenean placerat ligula ac enim malesuada, nec condimentum elit ullamcorper.', 0, 'l1.jpg'),
(14, 'Atividades de lazer atraem joinvilenses', 'Vestibulum ante ipsum primis in faucibus orci luctus et ultrices posuere cubilia Curae; Suspendisse dignissim auctor pulvinar. Phasellus egestas, lacus at condimentum semper, nisl mauris condimentum lorem, a tempus erat odio sed libero. Suspendisse neque est, faucibus eu nibh non, ultricies mollis eros. Morbi ligula diam, faucibus non sagittis in, venenatis sodales diam. Sed placerat tincidunt cursus. Ut vestibulum vitae risus a rutrum. Aenean placerat ligula ac enim malesuada, nec condimentum elit ullamcorper.', 0, 'l2.jpg'),
(15, 'Vila São Pedro reivindica áreas de lazer', 'Vestibulum ante ipsum primis in faucibus orci luctus et ultrices posuere cubilia Curae; Suspendisse dignissim auctor pulvinar. Phasellus egestas, lacus at condimentum semper, nisl mauris condimentum lorem, a tempus erat odio sed libero. Suspendisse neque est, faucibus eu nibh non, ultricies mollis eros. Morbi ligula diam, faucibus non sagittis in, venenatis sodales diam. Sed placerat tincidunt cursus. Ut vestibulum vitae risus a rutrum. Aenean placerat ligula ac enim malesuada, nec condimentum elit ullamcorper.', 0, 'l3.jpg'),
(16, 'Demi Lovato publica foto sem maquiagem e exibe olheiras', 'Nunc volutpat, nunc non pretium pharetra, libero mauris fermentum metus, ut egestas ligula mauris id ligula. Duis placerat orci a ipsum sollicitudin, ac mollis turpis laoreet. Nulla tincidunt aliquam elit, tempus placerat dui tempor at. Nulla eget nunc vitae ligula imperdiet malesuada quis ut lectus. Duis ac adipiscing metus. Sed tortor tortor, volutpat vel risus non, tempor eleifend nulla. Donec pellentesque nisl quam, ac dapibus dolor congue vitae.', 0, 'e4.jpg'),
(17, 'Vingativa, Solange Gomes detona famosas no Facebook', 'Nunc volutpat, nunc non pretium pharetra, libero mauris fermentum metus, ut egestas ligula mauris id ligula. Duis placerat orci a ipsum sollicitudin, ac mollis turpis laoreet. Nulla tincidunt aliquam elit, tempus placerat dui tempor at. Nulla eget nunc vitae ligula imperdiet malesuada quis ut lectus. Duis ac adipiscing metus. Sed tortor tortor, volutpat vel risus non, tempor eleifend nulla. Donec pellentesque nisl quam, ac dapibus dolor congue vitae.', 0, 'e5.jpg'),
(18, 'Egon Zehnder anuncia convergência estratégica de sua prática ', 'Nunc volutpat, nunc non pretium pharetra, libero mauris fermentum metus, ut egestas ligula mauris id ligula. Duis placerat orci a ipsum sollicitudin, ac mollis turpis laoreet. Nulla tincidunt aliquam elit, tempus placerat dui tempor at. Nulla eget nunc vitae ligula imperdiet malesuada quis ut lectus. Duis ac adipiscing metus. Sed tortor tortor, volutpat vel risus non, tempor eleifend nulla. Donec pellentesque nisl quam, ac dapibus dolor congue vitae.', 1, 'e6.jpg'),
(19, 'Mirella Santos exibe presente da bebê: “Primeira calcinha” ', 'Nunc volutpat, nunc non pretium pharetra, libero mauris fermentum metus, ut egestas ligula mauris id ligula. Duis placerat orci a ipsum sollicitudin, ac mollis turpis laoreet. Nulla tincidunt aliquam elit, tempus placerat dui tempor at. Nulla eget nunc vitae ligula imperdiet malesuada quis ut lectus. Duis ac adipiscing metus. Sed tortor tortor, volutpat vel risus non, tempor eleifend nulla. Donec pellentesque nisl quam, ac dapibus dolor congue vitae.', 0, 'e7.jpg'),
(20, 'Bill Condon, da saga Crepúsculo, dirigirá filme da Bela ea Ferra', 'Nunc volutpat, nunc non pretium pharetra, libero mauris fermentum metus, ut egestas ligula mauris id ligula. Duis placerat orci a ipsum sollicitudin, ac mollis turpis laoreet. Nulla tincidunt aliquam elit, tempus placerat dui tempor at. Nulla eget nunc vitae ligula imperdiet malesuada quis ut lectus. Duis ac adipiscing metus. Sed tortor tortor, volutpat vel risus non, tempor eleifend nulla. Donec pellentesque nisl quam, ac dapibus dolor congue vitae.', 0, 'e8.jpg'),
(21, 'Russo deixa a Globo após 50 anos', 'Nunc volutpat, nunc non pretium pharetra, libero mauris fermentum metus, ut egestas ligula mauris id ligula. Duis placerat orci a ipsum sollicitudin, ac mollis turpis laoreet. Nulla tincidunt aliquam elit, tempus placerat dui tempor at. Nulla eget nunc vitae ligula imperdiet malesuada quis ut lectus. Duis ac adipiscing metus. Sed tortor tortor, volutpat vel risus non, tempor eleifend nulla. Donec pellentesque nisl quam, ac dapibus dolor congue vitae.', 0, 'e8.jpg'),
(22, 'Brasil presente na 2a. edição da Primavera Latino-Americana', 'Nunc volutpat, nunc non pretium pharetra, libero mauris fermentum metus, ut egestas ligula mauris id ligula. Duis placerat orci a ipsum sollicitudin, ac mollis turpis laoreet. Nulla tincidunt aliquam elit, tempus placerat dui tempor at. Nulla eget nunc vitae ligula imperdiet malesuada quis ut lectus. Duis ac adipiscing metus. Sed tortor tortor, volutpat vel risus non, tempor eleifend nulla. Donec pellentesque nisl quam, ac dapibus dolor congue vitae.', 0, 'e9.jpg'),
(23, 'Conheça o cachorro mais preguiçoso do mundo', 'Nunc volutpat, nunc non pretium pharetra, libero mauris fermentum metus, ut egestas ligula mauris id ligula. Duis placerat orci a ipsum sollicitudin, ac mollis turpis laoreet. Nulla tincidunt aliquam elit, tempus placerat dui tempor at. Nulla eget nunc vitae ligula imperdiet malesuada quis ut lectus. Duis ac adipiscing metus. Sed tortor tortor, volutpat vel risus non, tempor eleifend nulla. Donec pellentesque nisl quam, ac dapibus dolor congue vitae.', 0, 'e10.jpg'),
(24, 'Funasa prorroga prazo para projetos em Saúde Ambiental', 'Lorem ipsum dolor sit amet, consectetur adipiscing elit. Sed vulputate a purus vel sollicitudin. Maecenas mattis ligula non imperdiet convallis. Aenean at varius quam. Mauris venenatis augue velit. Phasellus porta nulla vitae hendrerit ultrices. Nunc sit amet lorem a dui vulputate tempus. Duis congue libero ac tincidunt iaculis. Class aptent taciti sociosqu ad litora torquent per conubia nostra, per inceptos himenaeos. Suspendisse euismod tellus vitae sapien tempus, non sollicitudin quam euismod. Cras ut nunc facilisis, venenatis erat vitae, lobortis neque. Praesent imperdiet libero lacus, non consequat diam semper at.', 0, 's2.jpg'),
(25, 'Unicamp desenvolve sistema para gestão de tecnologia em saúde', 'Lorem ipsum dolor sit amet, consectetur adipiscing elit. Sed vulputate a purus vel sollicitudin. Maecenas mattis ligula non imperdiet convallis. Aenean at varius quam. Mauris venenatis augue velit. Phasellus porta nulla vitae hendrerit ultrices. Nunc sit amet lorem a dui vulputate tempus. Duis congue libero ac tincidunt iaculis. Class aptent taciti sociosqu ad litora torquent per conubia nostra, per inceptos himenaeos. Suspendisse euismod tellus vitae sapien tempus, non sollicitudin quam euismod. Cras ut nunc facilisis, venenatis erat vitae, lobortis neque. Praesent imperdiet libero lacus, non consequat diam semper at.', 0, 's3.jpg'),
(26, 'Boca saudável pode ser importante para saúde do corpo', 'Lorem ipsum dolor sit amet, consectetur adipiscing elit. Sed vulputate a purus vel sollicitudin. Maecenas mattis ligula non imperdiet convallis. Aenean at varius quam. Mauris venenatis augue velit. Phasellus porta nulla vitae hendrerit ultrices. Nunc sit amet lorem a dui vulputate tempus. Duis congue libero ac tincidunt iaculis. Class aptent taciti sociosqu ad litora torquent per conubia nostra, per inceptos himenaeos. Suspendisse euismod tellus vitae sapien tempus, non sollicitudin quam euismod. Cras ut nunc facilisis, venenatis erat vitae, lobortis neque. Praesent imperdiet libero lacus, non consequat diam semper at.', 0, 's4.jpg'),
(27, 'Avanço do crack no interior paulista afeta mais saúde e assistência', 'Lorem ipsum dolor sit amet, consectetur adipiscing elit. Sed vulputate a purus vel sollicitudin. Maecenas mattis ligula non imperdiet convallis. Aenean at varius quam. Mauris venenatis augue velit. Phasellus porta nulla vitae hendrerit ultrices. Nunc sit amet lorem a dui vulputate tempus. Duis congue libero ac tincidunt iaculis. Class aptent taciti sociosqu ad litora torquent per conubia nostra, per inceptos himenaeos. Suspendisse euismod tellus vitae sapien tempus, non sollicitudin quam euismod. Cras ut nunc facilisis, venenatis erat vitae, lobortis neque. Praesent imperdiet libero lacus, non consequat diam semper at.', 0, 's4.jpg'),
(28, 'Mutirão oferece serviços de saúde para população do Eustáquio', 'Lorem ipsum dolor sit amet, consectetur adipiscing elit. Sed vulputate a purus vel sollicitudin. Maecenas mattis ligula non imperdiet convallis. Aenean at varius quam. Mauris venenatis augue velit. Phasellus porta nulla vitae hendrerit ultrices. Nunc sit amet lorem a dui vulputate tempus. Duis congue libero ac tincidunt iaculis. Class aptent taciti sociosqu ad litora torquent per conubia nostra, per inceptos himenaeos. Suspendisse euismod tellus vitae sapien tempus, non sollicitudin quam euismod. Cras ut nunc facilisis, venenatis erat vitae, lobortis neque. Praesent imperdiet libero lacus, non consequat diam semper at.', 0, 's5.jpg'),
(29, 'Médica sofre sequestro-relâmpago e funcionários fecham ', 'Lorem ipsum dolor sit amet, consectetur adipiscing elit. Sed vulputate a purus vel sollicitudin. Maecenas mattis ligula non imperdiet convallis. Aenean at varius quam. Mauris venenatis augue velit. Phasellus porta nulla vitae hendrerit ultrices. Nunc sit amet lorem a dui vulputate tempus. Duis congue libero ac tincidunt iaculis. Class aptent taciti sociosqu ad litora torquent per conubia nostra, per inceptos himenaeos. Suspendisse euismod tellus vitae sapien tempus, non sollicitudin quam euismod. Cras ut nunc facilisis, venenatis erat vitae, lobortis neque. Praesent imperdiet libero lacus, non consequat diam semper at.', 0, 's6.jpg'),
(30, 'Mutirão oferece serviços de saúde para população do Eustáquio', 'Lorem ipsum dolor sit amet, consectetur adipiscing elit. Sed vulputate a purus vel sollicitudin. Maecenas mattis ligula non imperdiet convallis. Aenean at varius quam. Mauris venenatis augue velit. Phasellus porta nulla vitae hendrerit ultrices. Nunc sit amet lorem a dui vulputate tempus. Duis congue libero ac tincidunt iaculis. Class aptent taciti sociosqu ad litora torquent per conubia nostra, per inceptos himenaeos. Suspendisse euismod tellus vitae sapien tempus, non sollicitudin quam euismod. Cras ut nunc facilisis, venenatis erat vitae, lobortis neque. Praesent imperdiet libero lacus, non consequat diam semper at.', 0, 's7.jpg'),
(31, 'Saúde capacita equipe da Casa Maternal com Boas Práticas', 'Lorem ipsum dolor sit amet, consectetur adipiscing elit. Sed vulputate a purus vel sollicitudin. Maecenas mattis ligula non imperdiet convallis. Aenean at varius quam. Mauris venenatis augue velit. Phasellus porta nulla vitae hendrerit ultrices. Nunc sit amet lorem a dui vulputate tempus. Duis congue libero ac tincidunt iaculis. Class aptent taciti sociosqu ad litora torquent per conubia nostra, per inceptos himenaeos. Suspendisse euismod tellus vitae sapien tempus, non sollicitudin quam euismod. Cras ut nunc facilisis, venenatis erat vitae, lobortis neque. Praesent imperdiet libero lacus, non consequat diam semper at.', 0, 's8.jpg'),
(32, 'Secretaria estadual de Saúde faz seletivo mais de 600 vagas', 'Lorem ipsum dolor sit amet, consectetur adipiscing elit. Sed vulputate a purus vel sollicitudin. Maecenas mattis ligula non imperdiet convallis. Aenean at varius quam. Mauris venenatis augue velit. Phasellus porta nulla vitae hendrerit ultrices. Nunc sit amet lorem a dui vulputate tempus. Duis congue libero ac tincidunt iaculis. Class aptent taciti sociosqu ad litora torquent per conubia nostra, per inceptos himenaeos. Suspendisse euismod tellus vitae sapien tempus, non sollicitudin quam euismod. Cras ut nunc facilisis, venenatis erat vitae, lobortis neque. Praesent imperdiet libero lacus, non consequat diam semper at.', 0, 's9.jpg'),
(33, 'Fundação de Saúde realiza curso de capacitação para agentes', 'Lorem ipsum dolor sit amet, consectetur adipiscing elit. Sed vulputate a purus vel sollicitudin. Maecenas mattis ligula non imperdiet convallis. Aenean at varius quam. Mauris venenatis augue velit. Phasellus porta nulla vitae hendrerit ultrices. Nunc sit amet lorem a dui vulputate tempus. Duis congue libero ac tincidunt iaculis. Class aptent taciti sociosqu ad litora torquent per conubia nostra, per inceptos himenaeos. Suspendisse euismod tellus vitae sapien tempus, non sollicitudin quam euismod. Cras ut nunc facilisis, venenatis erat vitae, lobortis neque. Praesent imperdiet libero lacus, non consequat diam semper at.', 0, 's10.jpg'),
(34, 'Vasco supera o Boa Esporte fora de casa e põe fim à sina de empates', 'Lorem ipsum dolor sit amet, consectetur adipiscing elit. Aliquam ornare lorem id urna commodo, ac sollicitudin turpis auctor. Mauris dignissim, lorem et tempus tincidunt, lacus lacus semper est, vitae luctus leo nulla eu leo. Praesent tempor eleifend auctor. Suspendisse non mi pharetra, semper tellus ut, dignissim turpis. Integer nisi leo, feugiat dapibus placerat a, facilisis nec dolor. Nam at ornare orci, non interdum justo. Etiam mattis malesuada vestibulum. Etiam nec dui dapibus, ultricies est vitae, viverra ante. Duis ornare pulvinar metus, ac gravida tellus viverra tincidunt. Integer vitae consectetur ipsum. Sed quam libero, volutpat sit amet lorem sit amet, rhoncus posuere enim. Cras commodo justo nisl, lobortis tempus lacus elementum nec. Mauris ac urna sed tortor porttitor dignissim sed id sem.', 0, 'ep3.jpg'),
(35, 'Zagueiro Mateus Alves e mais dois deixam o Boa Esporte', 'Lorem ipsum dolor sit amet, consectetur adipiscing elit. Aliquam ornare lorem id urna commodo, ac sollicitudin turpis auctor. Mauris dignissim, lorem et tempus tincidunt, lacus lacus semper est, vitae luctus leo nulla eu leo. Praesent tempor eleifend auctor. Suspendisse non mi pharetra, semper tellus ut, dignissim turpis. Integer nisi leo, feugiat dapibus placerat a, facilisis nec dolor. Nam at ornare orci, non interdum justo. Etiam mattis malesuada vestibulum. Etiam nec dui dapibus, ultricies est vitae, viverra ante. Duis ornare pulvinar metus, ac gravida tellus viverra tincidunt. Integer vitae consectetur ipsum. Sed quam libero, volutpat sit amet lorem sit amet, rhoncus posuere enim. Cras commodo justo nisl, lobortis tempus lacus elementum nec. Mauris ac urna sed tortor porttitor dignissim sed id sem.', 0, 'ep4.jpg'),
(36, 'Ministro do Esporte fala sobre a demagogia nas ruas', 'Lorem ipsum dolor sit amet, consectetur adipiscing elit. Aliquam ornare lorem id urna commodo, ac sollicitudin turpis auctor. Mauris dignissim, lorem et tempus tincidunt, lacus lacus semper est, vitae luctus leo nulla eu leo. Praesent tempor eleifend auctor. Suspendisse non mi pharetra, semper tellus ut, dignissim turpis. Integer nisi leo, feugiat dapibus placerat a, facilisis nec dolor. Nam at ornare orci, non interdum justo. Etiam mattis malesuada vestibulum. Etiam nec dui dapibus, ultricies est vitae, viverra ante. Duis ornare pulvinar metus, ac gravida tellus viverra tincidunt. Integer vitae consectetur ipsum. Sed quam libero, volutpat sit amet lorem sit amet, rhoncus posuere enim. Cras commodo justo nisl, lobortis tempus lacus elementum nec. Mauris ac urna sed tortor porttitor dignissim sed id sem.', 0, 'ep5.jpg'),
(37, 'MP exige contratação de voluntários pela Fifa', 'Lorem ipsum dolor sit amet, consectetur adipiscing elit. Aliquam ornare lorem id urna commodo, ac sollicitudin turpis auctor. Mauris dignissim, lorem et tempus tincidunt, lacus lacus semper est, vitae luctus leo nulla eu leo. Praesent tempor eleifend auctor. Suspendisse non mi pharetra, semper tellus ut, dignissim turpis. Integer nisi leo, feugiat dapibus placerat a, facilisis nec dolor. Nam at ornare orci, non interdum justo. Etiam mattis malesuada vestibulum. Etiam nec dui dapibus, ultricies est vitae, viverra ante. Duis ornare pulvinar metus, ac gravida tellus viverra tincidunt. Integer vitae consectetur ipsum. Sed quam libero, volutpat sit amet lorem sit amet, rhoncus posuere enim. Cras commodo justo nisl, lobortis tempus lacus elementum nec. Mauris ac urna sed tortor porttitor dignissim sed id sem.', 0, 'ep6.jpg'),
(38, 'Ex-jogadora fala sobre a Lei de Incentivo ao Esporte', 'Lorem ipsum dolor sit amet, consectetur adipiscing elit. Aliquam ornare lorem id urna commodo, ac sollicitudin turpis auctor. Mauris dignissim, lorem et tempus tincidunt, lacus lacus semper est, vitae luctus leo nulla eu leo. Praesent tempor eleifend auctor. Suspendisse non mi pharetra, semper tellus ut, dignissim turpis. Integer nisi leo, feugiat dapibus placerat a, facilisis nec dolor. Nam at ornare orci, non interdum justo. Etiam mattis malesuada vestibulum. Etiam nec dui dapibus, ultricies est vitae, viverra ante. Duis ornare pulvinar metus, ac gravida tellus viverra tincidunt. Integer vitae consectetur ipsum. Sed quam libero, volutpat sit amet lorem sit amet, rhoncus posuere enim. Cras commodo justo nisl, lobortis tempus lacus elementum nec. Mauris ac urna sed tortor porttitor dignissim sed id sem.', 0, 'ep7.jpg'),
(39, 'Felipão não teme exigência da torcida de SP: ''Nossa casa''', 'Lorem ipsum dolor sit amet, consectetur adipiscing elit. Aliquam ornare lorem id urna commodo, ac sollicitudin turpis auctor. Mauris dignissim, lorem et tempus tincidunt, lacus lacus semper est, vitae luctus leo nulla eu leo. Praesent tempor eleifend auctor. Suspendisse non mi pharetra, semper tellus ut, dignissim turpis. Integer nisi leo, feugiat dapibus placerat a, facilisis nec dolor. Nam at ornare orci, non interdum justo. Etiam mattis malesuada vestibulum. Etiam nec dui dapibus, ultricies est vitae, viverra ante. Duis ornare pulvinar metus, ac gravida tellus viverra tincidunt. Integer vitae consectetur ipsum. Sed quam libero, volutpat sit amet lorem sit amet, rhoncus posuere enim. Cras commodo justo nisl, lobortis tempus lacus elementum nec. Mauris ac urna sed tortor porttitor dignissim sed id sem.', 0, 'ep8.jpg'),
(40, 'Bebeto defende a Copa: ''Levamos pancada sem razão''', 'Lorem ipsum dolor sit amet, consectetur adipiscing elit. Aliquam ornare lorem id urna commodo, ac sollicitudin turpis auctor. Mauris dignissim, lorem et tempus tincidunt, lacus lacus semper est, vitae luctus leo nulla eu leo. Praesent tempor eleifend auctor. Suspendisse non mi pharetra, semper tellus ut, dignissim turpis. Integer nisi leo, feugiat dapibus placerat a, facilisis nec dolor. Nam at ornare orci, non interdum justo. Etiam mattis malesuada vestibulum. Etiam nec dui dapibus, ultricies est vitae, viverra ante. Duis ornare pulvinar metus, ac gravida tellus viverra tincidunt. Integer vitae consectetur ipsum. Sed quam libero, volutpat sit amet lorem sit amet, rhoncus posuere enim. Cras commodo justo nisl, lobortis tempus lacus elementum nec. Mauris ac urna sed tortor porttitor dignissim sed id sem.', 0, 'ep9.jpg'),
(41, 'Felipão teme que sérvios machuquem jogadores do Brasil', 'Lorem ipsum dolor sit amet, consectetur adipiscing elit. Aliquam ornare lorem id urna commodo, ac sollicitudin turpis auctor. Mauris dignissim, lorem et tempus tincidunt, lacus lacus semper est, vitae luctus leo nulla eu leo. Praesent tempor eleifend auctor. Suspendisse non mi pharetra, semper tellus ut, dignissim turpis. Integer nisi leo, feugiat dapibus placerat a, facilisis nec dolor. Nam at ornare orci, non interdum justo. Etiam mattis malesuada vestibulum. Etiam nec dui dapibus, ultricies est vitae, viverra ante. Duis ornare pulvinar metus, ac gravida tellus viverra tincidunt. Integer vitae consectetur ipsum. Sed quam libero, volutpat sit amet lorem sit amet, rhoncus posuere enim. Cras commodo justo nisl, lobortis tempus lacus elementum nec. Mauris ac urna sed tortor porttitor dignissim sed id sem.', 0, 'ep10.jpg'),
(42, 'Convênio com Ministério dos Esportes leva mais lazer às escolas', 'Lorem ipsum dolor sit amet, consectetur adipiscing elit. Aliquam ornare lorem id urna commodo, ac sollicitudin turpis auctor. Mauris dignissim, lorem et tempus tincidunt, lacus lacus semper est, vitae luctus leo nulla eu leo. Praesent tempor eleifend auctor. Suspendisse non mi pharetra, semper tellus ut, dignissim turpis. Integer nisi leo, feugiat dapibus placerat a, facilisis nec dolor. Nam at ornare orci, non interdum justo. Etiam mattis malesuada vestibulum. Etiam nec dui dapibus, ultricies est vitae, viverra ante. Duis ornare pulvinar metus, ac gravida tellus viverra tincidunt. Integer vitae consectetur ipsum. Sed quam libero, volutpat sit amet lorem sit amet, rhoncus posuere enim. Cras commodo justo nisl, lobortis tempus lacus elementum nec. Mauris ac urna sed tortor porttitor dignissim sed id sem.', 0, 'l4.jpg'),
(43, 'Sorocaba tem 21 espaços municipais dedicados ao convívio social', 'Lorem ipsum dolor sit amet, consectetur adipiscing elit. Aliquam ornare lorem id urna commodo, ac sollicitudin turpis auctor. Mauris dignissim, lorem et tempus tincidunt, lacus lacus semper est, vitae luctus leo nulla eu leo. Praesent tempor eleifend auctor. Suspendisse non mi pharetra, semper tellus ut, dignissim turpis. Integer nisi leo, feugiat dapibus placerat a, facilisis nec dolor. Nam at ornare orci, non interdum justo. Etiam mattis malesuada vestibulum. Etiam nec dui dapibus, ultricies est vitae, viverra ante. Duis ornare pulvinar metus, ac gravida tellus viverra tincidunt. Integer vitae consectetur ipsum. Sed quam libero, volutpat sit amet lorem sit amet, rhoncus posuere enim. Cras commodo justo nisl, lobortis tempus lacus elementum nec. Mauris ac urna sed tortor porttitor dignissim sed id sem.', 0, 'l5.jpg'),
(44, 'Guia do Lazer recomenda: Primavera Sound', 'Lorem ipsum dolor sit amet, consectetur adipiscing elit. Aliquam ornare lorem id urna commodo, ac sollicitudin turpis auctor. Mauris dignissim, lorem et tempus tincidunt, lacus lacus semper est, vitae luctus leo nulla eu leo. Praesent tempor eleifend auctor. Suspendisse non mi pharetra, semper tellus ut, dignissim turpis. Integer nisi leo, feugiat dapibus placerat a, facilisis nec dolor. Nam at ornare orci, non interdum justo. Etiam mattis malesuada vestibulum. Etiam nec dui dapibus, ultricies est vitae, viverra ante. Duis ornare pulvinar metus, ac gravida tellus viverra tincidunt. Integer vitae consectetur ipsum. Sed quam libero, volutpat sit amet lorem sit amet, rhoncus posuere enim. Cras commodo justo nisl, lobortis tempus lacus elementum nec. Mauris ac urna sed tortor porttitor dignissim sed id sem.', 0, 'l6.jpg'),
(45, 'Construção da Nova Ponte do Guaíba vai deixar moradores ', 'Lorem ipsum dolor sit amet, consectetur adipiscing elit. Aliquam ornare lorem id urna commodo, ac sollicitudin turpis auctor. Mauris dignissim, lorem et tempus tincidunt, lacus lacus semper est, vitae luctus leo nulla eu leo. Praesent tempor eleifend auctor. Suspendisse non mi pharetra, semper tellus ut, dignissim turpis. Integer nisi leo, feugiat dapibus placerat a, facilisis nec dolor. Nam at ornare orci, non interdum justo. Etiam mattis malesuada vestibulum. Etiam nec dui dapibus, ultricies est vitae, viverra ante. Duis ornare pulvinar metus, ac gravida tellus viverra tincidunt. Integer vitae consectetur ipsum. Sed quam libero, volutpat sit amet lorem sit amet, rhoncus posuere enim. Cras commodo justo nisl, lobortis tempus lacus elementum nec. Mauris ac urna sed tortor porttitor dignissim sed id sem.', 0, 'l7.jpg'),
(46, 'Bairro Jockey Clube recebe Esporte e Lazer', 'Lorem ipsum dolor sit amet, consectetur adipiscing elit. Aliquam ornare lorem id urna commodo, ac sollicitudin turpis auctor. Mauris dignissim, lorem et tempus tincidunt, lacus lacus semper est, vitae luctus leo nulla eu leo. Praesent tempor eleifend auctor. Suspendisse non mi pharetra, semper tellus ut, dignissim turpis. Integer nisi leo, feugiat dapibus placerat a, facilisis nec dolor. Nam at ornare orci, non interdum justo. Etiam mattis malesuada vestibulum. Etiam nec dui dapibus, ultricies est vitae, viverra ante. Duis ornare pulvinar metus, ac gravida tellus viverra tincidunt. Integer vitae consectetur ipsum. Sed quam libero, volutpat sit amet lorem sit amet, rhoncus posuere enim. Cras commodo justo nisl, lobortis tempus lacus elementum nec. Mauris ac urna sed tortor porttitor dignissim sed id sem.', 0, 'l8.jpg'),
(47, 'Luiza Valdetaro dá dicas de lazer em Portugal', 'Lorem ipsum dolor sit amet, consectetur adipiscing elit. Aliquam ornare lorem id urna commodo, ac sollicitudin turpis auctor. Mauris dignissim, lorem et tempus tincidunt, lacus lacus semper est, vitae luctus leo nulla eu leo. Praesent tempor eleifend auctor. Suspendisse non mi pharetra, semper tellus ut, dignissim turpis. Integer nisi leo, feugiat dapibus placerat a, facilisis nec dolor. Nam at ornare orci, non interdum justo. Etiam mattis malesuada vestibulum. Etiam nec dui dapibus, ultricies est vitae, viverra ante. Duis ornare pulvinar metus, ac gravida tellus viverra tincidunt. Integer vitae consectetur ipsum. Sed quam libero, volutpat sit amet lorem sit amet, rhoncus posuere enim. Cras commodo justo nisl, lobortis tempus lacus elementum nec. Mauris ac urna sed tortor porttitor dignissim sed id sem.', 0, 'l9.jpg'),
(48, 'Cracolândia de SP terá área de lazer em base da PM', 'Lorem ipsum dolor sit amet, consectetur adipiscing elit. Aliquam ornare lorem id urna commodo, ac sollicitudin turpis auctor. Mauris dignissim, lorem et tempus tincidunt, lacus lacus semper est, vitae luctus leo nulla eu leo. Praesent tempor eleifend auctor. Suspendisse non mi pharetra, semper tellus ut, dignissim turpis. Integer nisi leo, feugiat dapibus placerat a, facilisis nec dolor. Nam at ornare orci, non interdum justo. Etiam mattis malesuada vestibulum. Etiam nec dui dapibus, ultricies est vitae, viverra ante. Duis ornare pulvinar metus, ac gravida tellus viverra tincidunt. Integer vitae consectetur ipsum. Sed quam libero, volutpat sit amet lorem sit amet, rhoncus posuere enim. Cras commodo justo nisl, lobortis tempus lacus elementum nec. Mauris ac urna sed tortor porttitor dignissim sed id sem.', 0, 'l10.jpg'),
(49, 'Senado aprova Política Nacional de Cultura Viva', 'Lorem ipsum dolor sit amet, consectetur adipiscing elit. Aliquam ornare lorem id urna commodo, ac sollicitudin turpis auctor. Mauris dignissim, lorem et tempus tincidunt, lacus lacus semper est, vitae luctus leo nulla eu leo. Praesent tempor eleifend auctor. Suspendisse non mi pharetra, semper tellus ut, dignissim turpis. Integer nisi leo, feugiat dapibus placerat a, facilisis nec dolor. Nam at ornare orci, non interdum justo. Etiam mattis malesuada vestibulum. Etiam nec dui dapibus, ultricies est vitae, viverra ante. Duis ornare pulvinar metus, ac gravida tellus viverra tincidunt. Integer vitae consectetur ipsum. Sed quam libero, volutpat sit amet lorem sit amet, rhoncus posuere enim. Cras commodo justo nisl, lobortis tempus lacus elementum nec. Mauris ac urna sed tortor porttitor dignissim sed id sem.', 0, 'c3.jpg'),
(50, 'Apesar de decisão judicial, servidores da Cultura dizem que greve', 'Lorem ipsum dolor sit amet, consectetur adipiscing elit. Aliquam ornare lorem id urna commodo, ac sollicitudin turpis auctor. Mauris dignissim, lorem et tempus tincidunt, lacus lacus semper est, vitae luctus leo nulla eu leo. Praesent tempor eleifend auctor. Suspendisse non mi pharetra, semper tellus ut, dignissim turpis. Integer nisi leo, feugiat dapibus placerat a, facilisis nec dolor. Nam at ornare orci, non interdum justo. Etiam mattis malesuada vestibulum. Etiam nec dui dapibus, ultricies est vitae, viverra ante. Duis ornare pulvinar metus, ac gravida tellus viverra tincidunt. Integer vitae consectetur ipsum. Sed quam libero, volutpat sit amet lorem sit amet, rhoncus posuere enim. Cras commodo justo nisl, lobortis tempus lacus elementum nec. Mauris ac urna sed tortor porttitor dignissim sed id sem.', 1, 'c4.jpg'),
(51, 'Projeto social leva cultura às favelas e une jovens de gangues rivais', 'Lorem ipsum dolor sit amet, consectetur adipiscing elit. Aliquam ornare lorem id urna commodo, ac sollicitudin turpis auctor. Mauris dignissim, lorem et tempus tincidunt, lacus lacus semper est, vitae luctus leo nulla eu leo. Praesent tempor eleifend auctor. Suspendisse non mi pharetra, semper tellus ut, dignissim turpis. Integer nisi leo, feugiat dapibus placerat a, facilisis nec dolor. Nam at ornare orci, non interdum justo. Etiam mattis malesuada vestibulum. Etiam nec dui dapibus, ultricies est vitae, viverra ante. Duis ornare pulvinar metus, ac gravida tellus viverra tincidunt. Integer vitae consectetur ipsum. Sed quam libero, volutpat sit amet lorem sit amet, rhoncus posuere enim. Cras commodo justo nisl, lobortis tempus lacus elementum nec. Mauris ac urna sed tortor porttitor dignissim sed id sem.', 0, 'c6.jpg'),
(52, 'Cidades paulistas esclarecem dúvidas sobre Vale-Cultura', 'Lorem ipsum dolor sit amet, consectetur adipiscing elit. Aliquam ornare lorem id urna commodo, ac sollicitudin turpis auctor. Mauris dignissim, lorem et tempus tincidunt, lacus lacus semper est, vitae luctus leo nulla eu leo. Praesent tempor eleifend auctor. Suspendisse non mi pharetra, semper tellus ut, dignissim turpis. Integer nisi leo, feugiat dapibus placerat a, facilisis nec dolor. Nam at ornare orci, non interdum justo. Etiam mattis malesuada vestibulum. Etiam nec dui dapibus, ultricies est vitae, viverra ante. Duis ornare pulvinar metus, ac gravida tellus viverra tincidunt. Integer vitae consectetur ipsum. Sed quam libero, volutpat sit amet lorem sit amet, rhoncus posuere enim. Cras commodo justo nisl, lobortis tempus lacus elementum nec. Mauris ac urna sed tortor porttitor dignissim sed id sem.', 0, 'c5.jpg'),
(53, '7ª Semana da Cultura Japonesa', 'Lorem ipsum dolor sit amet, consectetur adipiscing elit. Aliquam ornare lorem id urna commodo, ac sollicitudin turpis auctor. Mauris dignissim, lorem et tempus tincidunt, lacus lacus semper est, vitae luctus leo nulla eu leo. Praesent tempor eleifend auctor. Suspendisse non mi pharetra, semper tellus ut, dignissim turpis. Integer nisi leo, feugiat dapibus placerat a, facilisis nec dolor. Nam at ornare orci, non interdum justo. Etiam mattis malesuada vestibulum. Etiam nec dui dapibus, ultricies est vitae, viverra ante. Duis ornare pulvinar metus, ac gravida tellus viverra tincidunt. Integer vitae consectetur ipsum. Sed quam libero, volutpat sit amet lorem sit amet, rhoncus posuere enim. Cras commodo justo nisl, lobortis tempus lacus elementum nec. Mauris ac urna sed tortor porttitor dignissim sed id sem.', 0, 'c7.jpg'),
(54, 'Ministério da Cultura » Apesar de decisão judicial, servidores', 'Lorem ipsum dolor sit amet, consectetur adipiscing elit. Aliquam ornare lorem id urna commodo, ac sollicitudin turpis auctor. Mauris dignissim, lorem et tempus tincidunt, lacus lacus semper est, vitae luctus leo nulla eu leo. Praesent tempor eleifend auctor. Suspendisse non mi pharetra, semper tellus ut, dignissim turpis. Integer nisi leo, feugiat dapibus placerat a, facilisis nec dolor. Nam at ornare orci, non interdum justo. Etiam mattis malesuada vestibulum. Etiam nec dui dapibus, ultricies est vitae, viverra ante. Duis ornare pulvinar metus, ac gravida tellus viverra tincidunt. Integer vitae consectetur ipsum. Sed quam libero, volutpat sit amet lorem sit amet, rhoncus posuere enim. Cras commodo justo nisl, lobortis tempus lacus elementum nec. Mauris ac urna sed tortor porttitor dignissim sed id sem.', 0, 'c8.jpg'),
(55, 'Grevistas do Ministério da Cultura vão desrespeitar decisão da Justiça', 'Lorem ipsum dolor sit amet, consectetur adipiscing elit. Aliquam ornare lorem id urna commodo, ac sollicitudin turpis auctor. Mauris dignissim, lorem et tempus tincidunt, lacus lacus semper est, vitae luctus leo nulla eu leo. Praesent tempor eleifend auctor. Suspendisse non mi pharetra, semper tellus ut, dignissim turpis. Integer nisi leo, feugiat dapibus placerat a, facilisis nec dolor. Nam at ornare orci, non interdum justo. Etiam mattis malesuada vestibulum. Etiam nec dui dapibus, ultricies est vitae, viverra ante. Duis ornare pulvinar metus, ac gravida tellus viverra tincidunt. Integer vitae consectetur ipsum. Sed quam libero, volutpat sit amet lorem sit amet, rhoncus posuere enim. Cras commodo justo nisl, lobortis tempus lacus elementum nec. Mauris ac urna sed tortor porttitor dignissim sed id sem.', 0, 'c9.jpg'),
(56, 'Profissionalização deve manter cultura da empresa familiar', 'Lorem ipsum dolor sit amet, consectetur adipiscing elit. Aliquam ornare lorem id urna commodo, ac sollicitudin turpis auctor. Mauris dignissim, lorem et tempus tincidunt, lacus lacus semper est, vitae luctus leo nulla eu leo. Praesent tempor eleifend auctor. Suspendisse non mi pharetra, semper tellus ut, dignissim turpis. Integer nisi leo, feugiat dapibus placerat a, facilisis nec dolor. Nam at ornare orci, non interdum justo. Etiam mattis malesuada vestibulum. Etiam nec dui dapibus, ultricies est vitae, viverra ante. Duis ornare pulvinar metus, ac gravida tellus viverra tincidunt. Integer vitae consectetur ipsum. Sed quam libero, volutpat sit amet lorem sit amet, rhoncus posuere enim. Cras commodo justo nisl, lobortis tempus lacus elementum nec. Mauris ac urna sed tortor porttitor dignissim sed id sem.', 0, 'c10.jpg'),
(57, 'Veja 10 simuladores e calculadoras para ajudar com as finanças', 'Lorem ipsum dolor sit amet, consectetur adipiscing elit. Aliquam ornare lorem id urna commodo, ac sollicitudin turpis auctor. Mauris dignissim, lorem et tempus tincidunt, lacus lacus semper est, vitae luctus leo nulla eu leo. Praesent tempor eleifend auctor. Suspendisse non mi pharetra, semper tellus ut, dignissim turpis. Integer nisi leo, feugiat dapibus placerat a, facilisis nec dolor. Nam at ornare orci, non interdum justo. Etiam mattis malesuada vestibulum. Etiam nec dui dapibus, ultricies est vitae, viverra ante. Duis ornare pulvinar metus, ac gravida tellus viverra tincidunt. Integer vitae consectetur ipsum. Sed quam libero, volutpat sit amet lorem sit amet, rhoncus posuere enim. Cras commodo justo nisl, lobortis tempus lacus elementum nec. Mauris ac urna sed tortor porttitor dignissim sed id sem.', 0, 'f3.jpg'),
(58, 'IRS Finanças permitem pagar dívidas fiscais em prestações', 'Lorem ipsum dolor sit amet, consectetur adipiscing elit. Aliquam ornare lorem id urna commodo, ac sollicitudin turpis auctor. Mauris dignissim, lorem et tempus tincidunt, lacus lacus semper est, vitae luctus leo nulla eu leo. Praesent tempor eleifend auctor. Suspendisse non mi pharetra, semper tellus ut, dignissim turpis. Integer nisi leo, feugiat dapibus placerat a, facilisis nec dolor. Nam at ornare orci, non interdum justo. Etiam mattis malesuada vestibulum. Etiam nec dui dapibus, ultricies est vitae, viverra ante. Duis ornare pulvinar metus, ac gravida tellus viverra tincidunt. Integer vitae consectetur ipsum. Sed quam libero, volutpat sit amet lorem sit amet, rhoncus posuere enim. Cras commodo justo nisl, lobortis tempus lacus elementum nec. Mauris ac urna sed tortor porttitor dignissim sed id sem.', 0, 'f4.jpg'),
(59, 'Tribunal admite acção para reconhecer dificuldades ', 'Lorem ipsum dolor sit amet, consectetur adipiscing elit. Aliquam ornare lorem id urna commodo, ac sollicitudin turpis auctor. Mauris dignissim, lorem et tempus tincidunt, lacus lacus semper est, vitae luctus leo nulla eu leo. Praesent tempor eleifend auctor. Suspendisse non mi pharetra, semper tellus ut, dignissim turpis. Integer nisi leo, feugiat dapibus placerat a, facilisis nec dolor. Nam at ornare orci, non interdum justo. Etiam mattis malesuada vestibulum. Etiam nec dui dapibus, ultricies est vitae, viverra ante. Duis ornare pulvinar metus, ac gravida tellus viverra tincidunt. Integer vitae consectetur ipsum. Sed quam libero, volutpat sit amet lorem sit amet, rhoncus posuere enim. Cras commodo justo nisl, lobortis tempus lacus elementum nec. Mauris ac urna sed tortor porttitor dignissim sed id sem.', 0, 'f5.jpg'),
(60, 'Padilha critica “gestão desastrosa” nas finanças da USP', 'Lorem ipsum dolor sit amet, consectetur adipiscing elit. Aliquam ornare lorem id urna commodo, ac sollicitudin turpis auctor. Mauris dignissim, lorem et tempus tincidunt, lacus lacus semper est, vitae luctus leo nulla eu leo. Praesent tempor eleifend auctor. Suspendisse non mi pharetra, semper tellus ut, dignissim turpis. Integer nisi leo, feugiat dapibus placerat a, facilisis nec dolor. Nam at ornare orci, non interdum justo. Etiam mattis malesuada vestibulum. Etiam nec dui dapibus, ultricies est vitae, viverra ante. Duis ornare pulvinar metus, ac gravida tellus viverra tincidunt. Integer vitae consectetur ipsum. Sed quam libero, volutpat sit amet lorem sit amet, rhoncus posuere enim. Cras commodo justo nisl, lobortis tempus lacus elementum nec. Mauris ac urna sed tortor porttitor dignissim sed id sem.', 0, 'f6.jpg'),
(61, 'Secretário de Finanças do Município diz que haverá concurso', 'Lorem ipsum dolor sit amet, consectetur adipiscing elit. Aliquam ornare lorem id urna commodo, ac sollicitudin turpis auctor. Mauris dignissim, lorem et tempus tincidunt, lacus lacus semper est, vitae luctus leo nulla eu leo. Praesent tempor eleifend auctor. Suspendisse non mi pharetra, semper tellus ut, dignissim turpis. Integer nisi leo, feugiat dapibus placerat a, facilisis nec dolor. Nam at ornare orci, non interdum justo. Etiam mattis malesuada vestibulum. Etiam nec dui dapibus, ultricies est vitae, viverra ante. Duis ornare pulvinar metus, ac gravida tellus viverra tincidunt. Integer vitae consectetur ipsum. Sed quam libero, volutpat sit amet lorem sit amet, rhoncus posuere enim. Cras commodo justo nisl, lobortis tempus lacus elementum nec. Mauris ac urna sed tortor porttitor dignissim sed id sem.', 0, 'f7.jpg'),
(62, 'Espiões com instruções para aceder a Finanças, bancos e telemóveis', 'Lorem ipsum dolor sit amet, consectetur adipiscing elit. Aliquam ornare lorem id urna commodo, ac sollicitudin turpis auctor. Mauris dignissim, lorem et tempus tincidunt, lacus lacus semper est, vitae luctus leo nulla eu leo. Praesent tempor eleifend auctor. Suspendisse non mi pharetra, semper tellus ut, dignissim turpis. Integer nisi leo, feugiat dapibus placerat a, facilisis nec dolor. Nam at ornare orci, non interdum justo. Etiam mattis malesuada vestibulum. Etiam nec dui dapibus, ultricies est vitae, viverra ante. Duis ornare pulvinar metus, ac gravida tellus viverra tincidunt. Integer vitae consectetur ipsum. Sed quam libero, volutpat sit amet lorem sit amet, rhoncus posuere enim. Cras commodo justo nisl, lobortis tempus lacus elementum nec. Mauris ac urna sed tortor porttitor dignissim sed id sem.', 0, 'f8.jpg'),
(63, 'Os metros quadrados mais caros mundo', 'Lorem ipsum dolor sit amet, consectetur adipiscing elit. Aliquam ornare lorem id urna commodo, ac sollicitudin turpis auctor. Mauris dignissim, lorem et tempus tincidunt, lacus lacus semper est, vitae luctus leo nulla eu leo. Praesent tempor eleifend auctor. Suspendisse non mi pharetra, semper tellus ut, dignissim turpis. Integer nisi leo, feugiat dapibus placerat a, facilisis nec dolor. Nam at ornare orci, non interdum justo. Etiam mattis malesuada vestibulum. Etiam nec dui dapibus, ultricies est vitae, viverra ante. Duis ornare pulvinar metus, ac gravida tellus viverra tincidunt. Integer vitae consectetur ipsum. Sed quam libero, volutpat sit amet lorem sit amet, rhoncus posuere enim. Cras commodo justo nisl, lobortis tempus lacus elementum nec. Mauris ac urna sed tortor porttitor dignissim sed id sem.', 0, 'f9.jpg'),
(64, 'Portal das Finanças ainda sem sinais de melhoria', 'Lorem ipsum dolor sit amet, consectetur adipiscing elit. Aliquam ornare lorem id urna commodo, ac sollicitudin turpis auctor. Mauris dignissim, lorem et tempus tincidunt, lacus lacus semper est, vitae luctus leo nulla eu leo. Praesent tempor eleifend auctor. Suspendisse non mi pharetra, semper tellus ut, dignissim turpis. Integer nisi leo, feugiat dapibus placerat a, facilisis nec dolor. Nam at ornare orci, non interdum justo. Etiam mattis malesuada vestibulum. Etiam nec dui dapibus, ultricies est vitae, viverra ante. Duis ornare pulvinar metus, ac gravida tellus viverra tincidunt. Integer vitae consectetur ipsum. Sed quam libero, volutpat sit amet lorem sit amet, rhoncus posuere enim. Cras commodo justo nisl, lobortis tempus lacus elementum nec. Mauris ac urna sed tortor porttitor dignissim sed id sem.', 0, 'f10.jpg'),
(65, 'Efeito da alta do juro na economia ainda é parcial, diz BC', 'Lorem ipsum dolor sit amet, consectetur adipiscing elit. Aliquam ornare lorem id urna commodo, ac sollicitudin turpis auctor. Mauris dignissim, lorem et tempus tincidunt, lacus lacus semper est, vitae luctus leo nulla eu leo. Praesent tempor eleifend auctor. Suspendisse non mi pharetra, semper tellus ut, dignissim turpis. Integer nisi leo, feugiat dapibus placerat a, facilisis nec dolor. Nam at ornare orci, non interdum justo. Etiam mattis malesuada vestibulum. Etiam nec dui dapibus, ultricies est vitae, viverra ante. Duis ornare pulvinar metus, ac gravida tellus viverra tincidunt. Integer vitae consectetur ipsum. Sed quam libero, volutpat sit amet lorem sit amet, rhoncus posuere enim. Cras commodo justo nisl, lobortis tempus lacus elementum nec. Mauris ac urna sed tortor porttitor dignissim sed id sem.', 0, 'ec3.jpg');
INSERT INTO `feed` (`codigo`, `nome`, `texto`, `valor`, `foto`) VALUES
(66, 'Crise internacional » Economia americana cresce em todo', 'Lorem ipsum dolor sit amet, consectetur adipiscing elit. Aliquam ornare lorem id urna commodo, ac sollicitudin turpis auctor. Mauris dignissim, lorem et tempus tincidunt, lacus lacus semper est, vitae luctus leo nulla eu leo. Praesent tempor eleifend auctor. Suspendisse non mi pharetra, semper tellus ut, dignissim turpis. Integer nisi leo, feugiat dapibus placerat a, facilisis nec dolor. Nam at ornare orci, non interdum justo. Etiam mattis malesuada vestibulum. Etiam nec dui dapibus, ultricies est vitae, viverra ante. Duis ornare pulvinar metus, ac gravida tellus viverra tincidunt. Integer vitae consectetur ipsum. Sed quam libero, volutpat sit amet lorem sit amet, rhoncus posuere enim. Cras commodo justo nisl, lobortis tempus lacus elementum nec. Mauris ac urna sed tortor porttitor dignissim sed id sem.', 0, 'ec4.jpg'),
(67, 'Parte da alta do juro ainda vai fazer efeito sobre inflação, diz Copom', 'Lorem ipsum dolor sit amet, consectetur adipiscing elit. Aliquam ornare lorem id urna commodo, ac sollicitudin turpis auctor. Mauris dignissim, lorem et tempus tincidunt, lacus lacus semper est, vitae luctus leo nulla eu leo. Praesent tempor eleifend auctor. Suspendisse non mi pharetra, semper tellus ut, dignissim turpis. Integer nisi leo, feugiat dapibus placerat a, facilisis nec dolor. Nam at ornare orci, non interdum justo. Etiam mattis malesuada vestibulum. Etiam nec dui dapibus, ultricies est vitae, viverra ante. Duis ornare pulvinar metus, ac gravida tellus viverra tincidunt. Integer vitae consectetur ipsum. Sed quam libero, volutpat sit amet lorem sit amet, rhoncus posuere enim. Cras commodo justo nisl, lobortis tempus lacus elementum nec. Mauris ac urna sed tortor porttitor dignissim sed id sem.Lorem ipsum dolor sit amet, consectetur adipiscing elit. Aliquam ornare lorem id urna commodo, ac sollicitudin turpis auctor. Mauris dignissim, lorem et tempus tincidunt, lacus lacus semper est, vitae luctus leo nulla eu leo. Praesent tempor eleifend auctor. Suspendisse non mi pharetra, semper tellus ut, dignissim turpis. Integer nisi leo, feugiat dapibus placerat a, facilisis nec dolor. Nam at ornare orci, non interdum justo. Etiam mattis malesuada vestibulum. Etiam nec dui dapibus, ultricies est vitae, viverra ante. Duis ornare pulvinar metus, ac gravida tellus viverra tincidunt. Integer vitae consectetur ipsum. Sed quam libero, volutpat sit amet lorem sit amet, rhoncus posuere enim. Cras commodo justo nisl, lobortis tempus lacus elementum nec. Mauris ac urna sed tortor porttitor dignissim sed id sem.', 0, 'ec5.jpg'),
(68, 'Brasil é o 2º em inscrições para Cannes', 'Lorem ipsum dolor sit amet, consectetur adipiscing elit. Aliquam ornare lorem id urna commodo, ac sollicitudin turpis auctor. Mauris dignissim, lorem et tempus tincidunt, lacus lacus semper est, vitae luctus leo nulla eu leo. Praesent tempor eleifend auctor. Suspendisse non mi pharetra, semper tellus ut, dignissim turpis. Integer nisi leo, feugiat dapibus placerat a, facilisis nec dolor. Nam at ornare orci, non interdum justo. Etiam mattis malesuada vestibulum. Etiam nec dui dapibus, ultricies est vitae, viverra ante. Duis ornare pulvinar metus, ac gravida tellus viverra tincidunt. Integer vitae consectetur ipsum. Sed quam libero, volutpat sit amet lorem sit amet, rhoncus posuere enim. Cras commodo justo nisl, lobortis tempus lacus elementum nec. Mauris ac urna sed tortor porttitor dignissim sed id sem.', 0, 'ec6.jpg'),
(69, 'Segunda maior economia do mundo, China vive revolução da internet', 'Lorem ipsum dolor sit amet, consectetur adipiscing elit. Aliquam ornare lorem id urna commodo, ac sollicitudin turpis auctor. Mauris dignissim, lorem et tempus tincidunt, lacus lacus semper est, vitae luctus leo nulla eu leo. Praesent tempor eleifend auctor. Suspendisse non mi pharetra, semper tellus ut, dignissim turpis. Integer nisi leo, feugiat dapibus placerat a, facilisis nec dolor. Nam at ornare orci, non interdum justo. Etiam mattis malesuada vestibulum. Etiam nec dui dapibus, ultricies est vitae, viverra ante. Duis ornare pulvinar metus, ac gravida tellus viverra tincidunt. Integer vitae consectetur ipsum. Sed quam libero, volutpat sit amet lorem sit amet, rhoncus posuere enim. Cras commodo justo nisl, lobortis tempus lacus elementum nec. Mauris ac urna sed tortor porttitor dignissim sed id sem.', 0, 'ec7.jpg'),
(70, 'Autoridades do Fed levantam preocupações com estabilidade', 'Lorem ipsum dolor sit amet, consectetur adipiscing elit. Aliquam ornare lorem id urna commodo, ac sollicitudin turpis auctor. Mauris dignissim, lorem et tempus tincidunt, lacus lacus semper est, vitae luctus leo nulla eu leo. Praesent tempor eleifend auctor. Suspendisse non mi pharetra, semper tellus ut, dignissim turpis. Integer nisi leo, feugiat dapibus placerat a, facilisis nec dolor. Nam at ornare orci, non interdum justo. Etiam mattis malesuada vestibulum. Etiam nec dui dapibus, ultricies est vitae, viverra ante. Duis ornare pulvinar metus, ac gravida tellus viverra tincidunt. Integer vitae consectetur ipsum. Sed quam libero, volutpat sit amet lorem sit amet, rhoncus posuere enim. Cras commodo justo nisl, lobortis tempus lacus elementum nec. Mauris ac urna sed tortor porttitor dignissim sed id sem.', 0, 'ec8.jpg'),
(71, 'Temor de recessão fez BC frear alta da Selic, diz Nomura', 'Lorem ipsum dolor sit amet, consectetur adipiscing elit. Aliquam ornare lorem id urna commodo, ac sollicitudin turpis auctor. Mauris dignissim, lorem et tempus tincidunt, lacus lacus semper est, vitae luctus leo nulla eu leo. Praesent tempor eleifend auctor. Suspendisse non mi pharetra, semper tellus ut, dignissim turpis. Integer nisi leo, feugiat dapibus placerat a, facilisis nec dolor. Nam at ornare orci, non interdum justo. Etiam mattis malesuada vestibulum. Etiam nec dui dapibus, ultricies est vitae, viverra ante. Duis ornare pulvinar metus, ac gravida tellus viverra tincidunt. Integer vitae consectetur ipsum. Sed quam libero, volutpat sit amet lorem sit amet, rhoncus posuere enim. Cras commodo justo nisl, lobortis tempus lacus elementum nec. Mauris ac urna sed tortor porttitor dignissim sed id sem.', 0, 'ec9.jpg'),
(72, 'Juros do crédito rural subiram menos que taxa Selic, diz ministro', 'Lorem ipsum dolor sit amet, consectetur adipiscing elit. Aliquam ornare lorem id urna commodo, ac sollicitudin turpis auctor. Mauris dignissim, lorem et tempus tincidunt, lacus lacus semper est, vitae luctus leo nulla eu leo. Praesent tempor eleifend auctor. Suspendisse non mi pharetra, semper tellus ut, dignissim turpis. Integer nisi leo, feugiat dapibus placerat a, facilisis nec dolor. Nam at ornare orci, non interdum justo. Etiam mattis malesuada vestibulum. Etiam nec dui dapibus, ultricies est vitae, viverra ante. Duis ornare pulvinar metus, ac gravida tellus viverra tincidunt. Integer vitae consectetur ipsum. Sed quam libero, volutpat sit amet lorem sit amet, rhoncus posuere enim. Cras commodo justo nisl, lobortis tempus lacus elementum nec. Mauris ac urna sed tortor porttitor dignissim sed id sem.', 0, 'ec10.jpg');

-- --------------------------------------------------------

--
-- Estrutura da tabela `usuario`
--

CREATE TABLE IF NOT EXISTS `usuario` (
  `codigo` int(11) NOT NULL AUTO_INCREMENT,
  `nome` varchar(150) COLLATE utf8_bin NOT NULL,
  `senha` varchar(150) COLLATE utf8_bin NOT NULL,
  `email` varchar(150) COLLATE utf8_bin NOT NULL,
  PRIMARY KEY (`codigo`)
) ENGINE=InnoDB DEFAULT CHARSET=utf8 COLLATE=utf8_bin AUTO_INCREMENT=1 ;

-- --------------------------------------------------------

--
-- Estrutura da tabela `usuario_categoria`
--

CREATE TABLE IF NOT EXISTS `usuario_categoria` (
  `idUsuario` int(11) NOT NULL,
  `idCategoria` int(11) NOT NULL,
  PRIMARY KEY (`idUsuario`,`idCategoria`),
  KEY `fk_usuario_has_categoria_categoria1_idx` (`idCategoria`),
  KEY `fk_usuario_has_categoria_usuario1_idx` (`idUsuario`)
) ENGINE=InnoDB DEFAULT CHARSET=utf8 COLLATE=utf8_bin;

--
-- Constraints for dumped tables
--

--
-- Limitadores para a tabela `categoria_feed`
--
ALTER TABLE `categoria_feed`
  ADD CONSTRAINT `fk_categoria_has_feed_categoria` FOREIGN KEY (`idCategoria`) REFERENCES `categoria` (`codigo`) ON DELETE NO ACTION ON UPDATE NO ACTION,
  ADD CONSTRAINT `fk_categoria_has_feed_feed1` FOREIGN KEY (`idFeed`) REFERENCES `feed` (`codigo`) ON DELETE NO ACTION ON UPDATE NO ACTION;

--
-- Limitadores para a tabela `usuario_categoria`
--
ALTER TABLE `usuario_categoria`
  ADD CONSTRAINT `fk_usuario_has_categoria_usuario1` FOREIGN KEY (`idUsuario`) REFERENCES `usuario` (`codigo`) ON DELETE NO ACTION ON UPDATE NO ACTION,
  ADD CONSTRAINT `fk_usuario_has_categoria_categoria1` FOREIGN KEY (`idCategoria`) REFERENCES `categoria` (`codigo`) ON DELETE NO ACTION ON UPDATE NO ACTION;

/*!40101 SET CHARACTER_SET_CLIENT=@OLD_CHARACTER_SET_CLIENT */;
/*!40101 SET CHARACTER_SET_RESULTS=@OLD_CHARACTER_SET_RESULTS */;
/*!40101 SET COLLATION_CONNECTION=@OLD_COLLATION_CONNECTION */;
